director_name,actor_1_name,actor_2_name,actor_3_name,genres,movie_title
Roseanne Liang,Chloë Grace Moretz,Taylor John Smith,Beulah Koale,"Horror, Action, War",shadow in the cloud
Anthony Leone,Amy Cay,Brian Patrick Butler,Michael C. Burgess,"Adventure, Family, TV Movie, Western",hacksaw
Yaniv Raz,Lucas Jade Zumann,Taylor Russell,Chase Stokes,"Comedy, Drama",dr. bird's advice for sad poets
Ramin Bahrani,Adarsh Gourav,Rajkummar Rao,Priyanka Chopra Jonas,Drama,the white tiger
Doug Liman,Anne Hathaway,Chiwetel Ejiofor,Stephen Merchant,"Comedy, Crime, Romance",locked down
Simon Stone,Carey Mulligan,Ralph Fiennes,Lily James,"Thriller, Crime",the dig
m,Anthony Mackie,Damson Idris,Emily Beecham,"War, Drama",outside the wire
Robert Lorenz,Liam Neeson,Katheryn Winnick,Juan Pablo Raba,"Action, Drama, Thriller",the marksman
Bennett Lasseter,Keean Johnson,Madeline Brewer,Rya Kihlstedt,"Drama, Music",the ultimate playlist of noise
Nate Parker,Nate Parker,Omari Hardwick,Theo Rossi,"Crime, Drama",american skin
Alex McAulay,Jack Dylan Grazer,Fionn Whitehead,Rainn Wilson,Thriller,don't tell a soul
Gabriela Cowperthwaite,Jason Segel,Dakota Johnson,Casey Affleck,"Drama, Romance",our friend
Conor Allyn,Jake Allyn,Frank Grillo,Jorge A. Jiménez,"Crime, Drama, Thriller, Western",no man's land
Alex Ranarivelo,Sean Patrick Flanery,Dennis Quaid,Katrina Bowden,"Action, Drama",born a champion
Mike P. Nelson,Charlotte Vega,Adain Bradley,Bill Sage,"Horror, Thriller",wrong turn
Glenda Ivin,Naomi Watts,Andrew Lincoln,Jacki Weaver,Drama,penguin bloom
John Lee Hancock,Denzel Washington,Rami Malek,Jared Leto,"Drama, Crime, Thriller",the little things
Jude Weng,Kea Peahu,Alex Aiono,Lindsay Watson,"Adventure, Action, Comedy, Family",finding ʻohana
Zhao,Frances McDormand,David Strathairn,Linda May,Drama,nomadland
Sam Levinson,Zendaya,John David Washington,,"Drama, Romance",malcolm & marie
Fisher Stevens,Justin Timberlake,Juno Temple,Alisha Wainwright,Drama,palmer
Viggo Mortensen,Viggo Mortensen,Lance Henriksen,Terry Chen,Drama,falling
Mike Cahill,Owen Wilson,Salma Hayek,,"Drama, Romance",bliss
Chad Hartigan,Olivia Cooke,Jack O'Connell,Raúl Castillo,"Drama, Crime",little fish
Barry Alexander Brown,Lucas Till,Lucy Hale,Cedric the Entertainer,"History, Drama",son of the south
Ben Hozie,Julia Fox,Nikki Belfiglio,Austin Brown,Drama,pvt chat
Sia,Kate Hudson,Leslie Odom Jr.,Maddie Ziegler,"Music, Drama",music
Shaka King,Daniel Kaluuya,Lakeith Stanfield,Jesse Plemons,"Drama, History",judas and the black messiah
Kevin Macdonald,Jodie Foster,Tahar Rahim,Shailene Woodley,"Drama, Thriller",the mauritanian
Tate Taylor,Allison Janney,Mila Kunis,Awkwafina,"Comedy, Drama, Crime",breaking news in yuba county
Josh Greenbaum,Kristen Wiig,Annie Mumolo,Jamie Dornan,Comedy,barb and star go to vista del mar
Lee Isaac Chung,Steven Yeun,Han Ye-ri,Alan Kim,Drama,minari
Michael Fimognari,Lana Condor,Noah Centineo,Jordan Fisher,"Romance, Comedy, Drama",to all the boys: always and forever
Mona Fastvold,Katherine Waterston,Vanessa Kirby,Christopher Abbott,"Romance, Drama, Western",the world to come
Azazel Jacobs,Michelle Pfeiffer,Lucas Hedges,Tracy Letts,"Comedy, Romance",french exit
Robin Wright,Robin Wright,Demián Bichir,Kim Dickens,Drama,land
Kevin Lewis,Nicolas Cage,Emily Tosta,Ric Reitz,"Horror, Thriller",willy's wonderland
Ian Samuels,Kathryn Newton,Kyle Allen,Al Madrigal,"Fantasy, Romance",the map of tiny perfect things
Castille Landon,Katherine Heigl,Madison Iseman,Israel Broussard,"Thriller, Horror, Drama",fear of rain
J Blakeson,Rosamund Pike,Peter Dinklage,Eiza González,"Crime, Thriller, Drama",i care a lot
Lena Khan,Matilda Lawler,Alyson Hannigan,Ben Schwartz,"Family, Adventure, Comedy, Fantasy",flora & ulysses
Tiller Russell,Jason Clarke,Nick Robinson,Katie Aselton,"Crime, Thriller",silk road
Tim Story,Chloë Grace Moretz,Michael Peña,Colin Jost,"Comedy, Family, Animation",tom & jerry
Lee Daniels,Andra Day,Trevante Rhodes,Garrett Hedlund,"Music, Drama, History",the united states vs. billie holiday
Anthony and Joe Russo,Tom Holland,Ciara Bravo,Jack Reynor,"Romance, Comedy",cherry
Nicholas Jarecki,Gary Oldman,Armie Hammer,Evangeline Lilly,"Crime, Drama, Thriller",crisis
R. J. Cutler,Billie Eilish,Finneas O'Connell,Maggie Baird,"Documentary, Music",billie eilish: the world's a little blurry
Keith Thomas,Dave Davis,Menashe Lustig,Malky Goldman,"Horror, Mystery",the vigil
Amy Poehler,Hadley Robinson,Lauren Tsai,Patrick Schwarzenegger,"Comedy, Drama, Music",moxie
Craig Brewer,Eddie Murphy,Arsenio Hall,Jermaine Fowler,Comedy,coming 2 america
Tim Hill,Tom Kenny,Awkwafina,Matt Berry,"Family, Comedy, Adventure, Animation",the spongebob movie: sponge on the run
pez Estrada,Kelly Marie Tran,Awkwafina,Izaac Wang,"Animation, Family, Fantasy, Action, Adventure",raya and the last dragon
Doug Liman,Daisy Ridley,Tom Holland,Mads Mikkelsen,"Fantasy, Science Fiction, Adventure",chaos walking
Joe Carnahan,Frank Grillo,Mel Gibson,Naomi Watts,"Action, Science Fiction, Thriller",boss level
Eddie Huang,Taylor Takahashi,Taylour Paige,Jorge Lendeborg Jr.,Drama,boogie
Miguel Arteta,Jennifer Garner,Édgar Ramírez,Jenna Ortega,"Family, Comedy",yes day
Steve Basilone,Finn Wittrock,Zoë Chao,Casey Wilson,"Horror, Mystery, Thriller",long weekend
Edward Drake,Bruce Willis,Frank Grillo,Brandon Thomas Lee,"Science Fiction, Action, Adventure",cosmic sin
Brian DeCubellis,Victoria Justice,Matthew Daddario,Katherine McNamara,"Crime, Drama, Thriller",trust
Zack Snyder,Ben Affleck,Henry Cavill,Amy Adams,"Action, Adventure, Fantasy",zack snyder's justice league
Dominic Cooke,Benedict Cumberbatch,Merab Ninidze,Rachel Brosnahan,"Action, Crime",the courier
Brad Furman,Johnny Depp,Forest Whitaker,,"Crime, Thriller, Drama",city of lies
BenDavid Grabinski,Joel McHale,Kerry Bishé,Stephen Root,"Comedy, Romance, Science Fiction, Thriller",happily
Ilya Naishuller,Bob Odenkirk,Connie Nielsen,Aleksei Serebryakov,"Action, Thriller",nobody
Kitao Sakurai,Eric André,Lil Rel Howery,Tiffany Haddish,Comedy,bad trip
Justin P. Lange,Guy Pearce,Vadhir Derbez,Stephen Lang,Horror,the seventh day
Giorgio Serafini,William Shatner,Jean Smart,Christopher Lloyd,"Comedy, Romance",senior moment
Mikey Alfred,Ryder McLaughlin,Vince Vaughn,Miranda Cosgrove,"Comedy, Drama",north hollywood
Stephen Kijak,Helena Howard,Ellar Coltrane,Elena Kampouris,"Comedy, Drama",shoplifters of the world
Adam Wingard,Alexander Skarsgård,Millie Bobby Brown,Rebecca Hall,"Action, Science Fiction, Adventure",godzilla vs. kong
Ricky Staub,Idris Elba,Caleb McLaughlin,Jharrel Jerome,"Drama, Western",concrete cowboy
Evan Spiliotopoulos,Jeffrey Dean Morgan,Katie Aselton,William Sadler,"Horror, Mystery",the unholy
Vaughn Stein,Casey Affleck,Sam Claflin,Veronica Ferres,"Thriller, Mystery",every breath you take
Emma Seligman,Rachel Sennott,Molly Gordon,Polly Draper,"Comedy, Drama",shiva baby
Richard Correll,Mira Sorvino,Austyn Johnson,Kevin Sorbo,"Family, Drama",the girl who believes in miracles
Shan Serafin,Aidan Bristow,Sophie Kargman,Susan Wilder,Drama,the believer
Bruce Wemple,Francesca Anderson,Adrián Burke,Chris Cimperman,"Horror, Mystery",dawn of the beast
Neil Burger,Tye Sheridan,Lily-Rose Depp,Fionn Whitehead,"Science Fiction, Thriller",voyagers
Ben Falcone,Melissa McCarthy,Octavia Spencer,Bobby Cannavale,"Comedy, Action, Adventure, Science Fiction",thunder force
Ryan Crego,Michael J. Woodard,Mary Lambert,Haley Tju,"Animation, Comedy, Family",arlo the alligator boy
Argyris Papadimitropoulos,Sebastian Stan,Denise Gough,Yorgos Pirpassopoulos,"Drama, Romance",monday
Ben Wheatley,Joel Fry,Reece Shearsmith,Hayley Squires,"Horror, Science Fiction, Thriller",in the earth
Joe Penna,Anna Kendrick,Daniel Dae Kim,Shamier Anderson,"Science Fiction, Drama, Thriller, Adventure",stowaway
Simon McQuoid,Lewis Tan,Jessica McNamee,Josh Lawson,"Action, Fantasy, Adventure",mortal kombat
George Gallo,Ruby Rose,Morgan Freeman,,"Action, Adventure, Thriller",vanquish
Nikole Beckwith,Ed Helms,Patti Harrison,Tig Notaro,"Drama, Comedy, Romance",together together
Jeff Rosenberg,William Jackson Harper,Aya Cash,,"Romance, Comedy",we broke up
Chad Ferrin,Gina La Piana,Robert Miano,Johann Urb,"Horror, Science Fiction",the deep ones
Shari Springer Berman and Robert Pulcini,Amanda Seyfried,James Norton,Natalia Dyer,Horror,things heard & seen
Mike Rianda,Abbi Jacobson,Danny McBride,Maya Rudolph,"Animation, Adventure, Comedy",the mitchells vs. the machines
Stefano Sollima,Michael B. Jordan,Jamie Bell,Jodie Turner-Smith,"Action, Thriller, War",without remorse
Nick Stagliano,Anson Mount,Abbie Cornish,Eddie Marsan,"Thriller, Crime, Action",the virtuoso
a,Glenn Close,Mila Kunis,Stephen Root,Drama,four good days
William Brent Bell,Rupert Friend,Mamie Gummer,Violet McGraw,"Horror, Mystery",separation
Taylor Chien,Brock O'Hurn,Avery Pascual,Michael Vlamis,Horror,the resort
Guy Ritchie,Jason Statham,Holt McCallany,Jeffrey Donovan,"Action, Crime, Thriller",wrath of man
Anthony Mandler,Kelvin Harrison Jr.,Jennifer Ehle,Tim Blake Nelson,"Crime, Drama",monster
Tran Quoc Bao,Alain Uy,Ron Yuan,Mykel Shannon Jenkins,"Action, Comedy",the paper tigers
Gia Coppola,Andrew Garfield,Maya Hawke,Nat Wolff,"Comedy, Drama",mainstream
David Oyelowo,David Oyelowo,Rosario Dawson,Lonnie Chavis,Adventure,the water man
Billy Crystal,Billy Crystal,Tiffany Haddish,Penn Badgley,"Comedy, Drama",here today
Phillip Noyce,Jack Huston,Emilia Clarke,Thora Birch,"Thriller, Drama, TV Movie",above suspicion
Ivo Raza,David Koechner,Ed Begley Jr.,Chaz Bono,Comedy,reboot camp
Karl Holt,Karl Holt,Claire Cartwright,David Wayman,"Horror, Comedy",benny loves you
Alexandre Aja,Mélanie Laurent,Mathieu Amalric,Malik Zidi,"Crime, Drama, Mystery, Thriller",oxygen
Zack Snyder,Dave Bautista,Ella Purnell,Omari Hardwick,"Crime, Action, Horror",army of the dead
Taylor Sheridan,Angelina Jolie,Nicholas Hoult,Finn Little,"Thriller, Action",those who wish me dead
Joe Wright,Amy Adams,Gary Oldman,Anthony Mackie,"Crime, Mystery, Thriller",the woman in the window
Darren Lynn Bousman,Chris Rock,Max Minghella,Marisol Nichols,"Horror, Mystery, Thriller",spiral
Christoph Waltz,Christoph Waltz,Vanessa Redgrave,Annette Bening,"Crime, Drama",georgetown
Brian Baugh,Rose Reid,Jedidiah Goodacre,Katherine McNamara,"Romance, Drama",finding you
Robert Machoian,Clayne Crawford,Sepideh Moafi,Chris Coy,"Drama, Thriller",the killing of two lovers
Dante Yore,John Littlefield,Eric Roberts,Alyson Gorske,"Horror, Action",616 wilford lane
Euros Lyn,Toni Collette,Damian Lewis,Owen Teale,"Comedy, Drama",dream horse
Glenn Miller,Vivica A. Fox,Eva Ceja,D. C. Douglas,"Horror, Action, Comedy",aquarium of the dead
Esteban Arango,Moisés Arias,Mateo Arias,Daniel Dae Kim,Comedy,blast beat
John Krasinski,Emily Blunt,Cillian Murphy,Millicent Simmonds,"Science Fiction, Thriller, Horror",a quiet place part ii
Craig Gillespie,Emma Stone,Emma Thompson,Joel Fry,"Comedy, Crime, Adventure",cruella
Natalie Morales,Kuhoo Verma,Victoria Moroles,,"Comedy, Romance",plan b
Michael Barnett,Mack Beggs,Sarah Rose Huckman,Terry Miller,Documentary,changing the game
Ennio Torresan,Isabela Merced,Marsai Martin,Mckenna Grace,"Animation, Adventure, Family",spirit untamed
Michael Chaves,Patrick Wilson,Vera Farmiga,Ruairi O'Connor,"Horror, Mystery, Thriller",the conjuring: the devil made me do it
Nabil Elderkin,Jacob Latimore,Charlie Plummer,Jonathan Majors,"Drama, Crime",gully
Christopher MacBride,Dylan O'Brien,Maika Monroe,Hannah Gross,"Thriller, Mystery",flashback
Todd Randall,Milo Gibson,Laurence Fishburne,Glenn Morshower,Drama,under the stadium lights
Sebastian Siegel,Mena Suvari,Stuart Townsend,Frances Fisher,"Drama, Comedy, Romance",grace and grit
Mark Raso,Gina Rodriguez,Jennifer Jason Leigh,Barry Pepper,"Thriller, Crime, Mystery",awake
Antoine Fuqua,Mark Wahlberg,Chiwetel Ejiofor,Sophie Cookson,"Science Fiction, Action, Adventure",infinite
Will Gluck,James Corden,Rose Byrne,Domhnall Gleeson,"Family, Comedy, Adventure, Animation",peter rabbit 2: the runaway
Jon M. Chu,Anthony Ramos,Corey Hawkins,Leslie Grace,"Drama, Romance",in the heights
Chris Appelhans,Jimmy Wong,John Cho,Constance Wu,"Animation, Family, Comedy, Fantasy",wish dragon
Renny Harlin,Pierce Brosnan,Rami Jaber,Hermione Corfield,"Action, Thriller",the misfits
Ty Roberts,Luke Wilson,Vinessa Shaw,Wayne Knight,"History, Drama, Action",12 mighty orphans
Deon Taylor,Mike Epps,Katt Williams,Bresha Webb,Comedy,the house next door: meet the blacks 2
Michael Lembeck,Ellen Burstyn,James Caan,Ann-Margret,"Romance, Comedy, Drama",queen bees
Steven V. Vasquez Jr.,David Arquette,Snoop Dogg,Tom Lister Jr.,Comedy,domino: battle of the bones
Patrick Hughes,Ryan Reynolds,Samuel L. Jackson,Salma Hayek,"Action, Comedy, Crime, Thriller",hitman's wife's bodyguard
Enrico Casarosa,Jacob Tremblay,Jack Dylan Grazer,Emma Berman,"Animation, Comedy, Fantasy, Adventure, Family",luca
Paul Weitz,Kevin Hart,Alfre Woodard,Lil Rel Howery,"Drama, Comedy",fatherhood
Jimmy Giannopoulos,Shiloh Fernandez,Val Kilmer,Ewan McGregor,"Crime, Thriller",the birthday cake
rez Riera,Rita Moreno,Eva Longoria,George Chakiris,Documentary,rita moreno: just a girl who decided to go for it
Edgar Wright,Ron Mael,Russell Mael,,"Documentary, Music, Comedy, History",the sparks brothers
Lisa Immordino Vreeland,Jim Parsons,Zachary Quinto,,Documentary,truman & tennessee: an intimate conversation
Tyler Savage,Christine Ko,Vincent van Horn,Michael Joplin,"Horror, Thriller",stalker
Jamie Adams,Alia Shawkat,Eiza González,Chanel Cresswell,"Comedy, Drama, Music",love spreads
Nancy Buirski,Gary Duncan,Richard Sobol,,"Documentary, Crime",a crime on the bayou
Kimmy Gatewood,Iliza Shlesinger,Ryan Hansen,Margaret Cho,"Comedy, Romance",good on paper
Justin Lin,Vin Diesel,John Cena,Michelle Rodriguez,"Action, Adventure, Crime",f9
Jonathan Hensleigh,Liam Neeson,Benjamin Walker,Amber Midthunder,"Action, Thriller",the ice road
Josh Ruben,Sam Richardson,Milana Vayntrub,George Basil,"Horror, Comedy",werewolves within
John Lee,Ilana Glazer,Justin Theroux,Sophia Bush,"Horror, Mystery, Thriller",false positive
Eytan Rockaway,Harvey Keitel,Sam Worthington,AnnaSophia Robb,"Crime, Drama, Thriller",lansky
Heidi Ewing,Armando Espitia,Christian Vázquez,Michelle Rodríguez,Drama,i carry you with me
Vanessa Roth,Mary J. Blige,Taraji P. Henson,Alicia Keys,"Documentary, Music",mary j. blige's my life
Drew Xanthopoulos,Michelle Fournet,Ellen Garland,,"Action, Comedy, Drama",fathom
Isaiah Smallman,Johnny Ray Gill,Kate Cobb,Vicky Jeudy,Comedy,rollers
Matt Thompson,Channing Tatum,Jason Mantzoukas,Olivia Munn,"Animation, Action, Comedy",america: the motion picture
Janicza Bravo,Taylour Paige,Riley Keough,Nicholas Braun,"Comedy, Crime",zola
Steven Soderbergh,Don Cheadle,Benicio del Toro,David Harbour,"Crime, Thriller",no sudden move
Chris McKay,Chris Pratt,Yvonne Strahovski,J. K. Simmons,"Action, Science Fiction, Adventure",the tomorrow war
Tom McGrath,Alec Baldwin,James Marsden,Amy Sedaris,"Animation, Comedy, Adventure, Family",the boss baby: family business
Everardo Gout,Ana de la Reguera,Tenoch Huerta,Josh Lucas,"Action, Horror, Thriller",the forever purge
Leigh Janiak,Kiana Madeira,Olivia Scott Welch,Benjamin Flores Jr.,"Horror, Mystery",fear street part one: 1994
Questlove,Stevie Wonder,Nina Simone,Sly and the Family Stone,"Music, Documentary, History",summer of soul
S.K. Dale,Megan Fox,Eoin Macken,Callan Mulvey,"Horror, Romance, Drama",till death
Craig Moss,Mackenzie Moss,Sadie Stanley,Mackenzie Ziegler,"Science Fiction, Thriller, Horror",let us in
Cate Shortland,Scarlett Johansson,Florence Pugh,David Harbour,"Action, Adventure, Science Fiction",black widow
Leigh Janiak,Sadie Sink,Emily Rudd,Ryan Simpkins,"Horror, Mystery",fear street part two: 1978
pez Estrada,Tyris Winter,Marquesha Babers,Maia Mayor,"Drama, Romance",summertime
Navot Papushado,Karen Gillan,Lena Headey,Carla Gugino,"Action, Crime, Thriller",gunpowder milkshake
Malcolm D. Lee,LeBron James,Don Cheadle,Khris Davis,"Family, Comedy, Adventure, Animation, Science Fiction",space jam: a new legacy
Adam Robitel,Taylor Russell,Logan Miller,Indya Moore,"Horror, Thriller, Mystery",escape room: tournament of champions
Leigh Janiak,Kiana Madeira,Ashley Zukerman,Gillian Jacobs,"Mystery, Horror",fear street part three: 1666
Colin Schiffli,Alexandra Daddario,Diego Boneta,Justin Chatwin,"Action, Comedy, Romance",die in a gunfight
Michael Sarnoski,Nicolas Cage,Alex Wolff,Adam Arkin,"Drama, Thriller, Mystery",pig
Mike Burns,Bruce Willis,Jaime King,Lala Kent,"Action, Thriller, Crime",out of death
Morgan Neville,Anthony Bourdain,,,Documentary,roadrunner: a film about anthony bourdain
Jones,Zoe Lister-Jones,Cailee Spaeny,Olivia Wilde,"Science Fiction, Thriller, Mystery, Action, Adventure",how it ends
Francisco Ruiz Velasco,Emile Hirsch,Lexi Medrano,Charlie Saxton,"Animation, Fantasy, Family, Action, Adventure",trollhunters: rise of the titans
Robert Schwentke,Henry Golding,Andrew Koji,Úrsula Corberó,"Thriller, Crime, Mystery",snake eyes
M. Night Shyamalan,Gael García Bernal,Vicky Krieps,Rufus Sewell,"Thriller, Mystery, Horror",old
Reinaldo Marcus Green,Mark Wahlberg,Reid Miller,Connie Britton,Drama,joe bell
Tanya Wexler,Kate Beckinsale,Bobby Cannavale,Laverne Cox,"Action, Thriller",jolt
Randall Emmett,Megan Fox,Bruce Willis,Emile Hirsch,"Crime, Mystery, Thriller, Action",midnight in the switchgrass
Peter Sattler,Ben Platt,Lola Kirke,Yvette Nicole Brown,Drama,broken diamonds
Ting Poo,Val Kilmer,,,"Documentary, Drama",val
Jamila Wignot,,,,Documentary,ailey
Serra,Dwayne Johnson,Emily Blunt,Édgar Ramírez,"Fantasy, Adventure",jungle cruise
Tom McCarthy,Matt Damon,Camille Cottin,Abigail Breslin,"Drama, Crime, Thriller",stillwater
David Lowery,Dev Patel,Alicia Vikander,Joel Edgerton,"Adventure, Drama, Fantasy",the green knight
Edson Oda,Winston Duke,Zazie Beetz,Benedict Wong,"Drama, Fantasy",nine days
Donnell,Jake Johnson,D'Arcy Carden,J.K. Simmons,"Comedy, Drama",ride the eagle
Braden King,Philip Ettinger,Stacy Martin,Cosmo Jarvis,Drama,the evening hour
Sabrina Doyle,Pablo Schreiber,Jena Malone,,Drama,lorelei
Sonia Kennebeck,,,,Documentary,enemies of the state
James Gunn,Idris Elba,Margot Robbie,John Cena,"Action, Comedy, Adventure",the suicide squad
Chase Palmer,John Boyega,Olivia Cooke,Bill Skarsgård,"Crime, Drama",naked singularity
Pascual Sisto,Charlie Shotwell,Michael C. Hall,Jennifer Ehle,"Drama, Thriller, Horror",john and the hole
Kirk DeMicco,Lin-Manuel Miranda,Ynairaly Simo,Zoe Saldana,"Animation, Family, Comedy",vivo
Scott Brignac,Hannah Kasulka,Luke Benward,Jude Demorest,"Comedy, Drama",playing god
Todd Stephens,Udo Kier,Jennifer Coolidge,Linda Evans,"Comedy, Drama",swan song
Nick Cannon,Nick Cannon,Chris Brown,Jaliyuh Manuel,"Drama, Comedy",she ball
Vince Marcello,Joey King,Joel Courtney,Jacob Elordi,"Romance, Comedy",the kissing booth 3
Peter Nicks,,,,Documentary,homeroom
Shawn Levy,Ryan Reynolds,Jodie Comer,Lil Rel Howery,"Comedy, Adventure, Science Fiction",free guy
Liesl Tommy,Jennifer Hudson,Forest Whitaker,Marlon Wayans,"Drama, Music, History",respect
Ferdinando Cito Filomarino,John David Washington,Boyd Holbrook,Vicky Krieps,"Crime, Mystery, Thriller",beckett
Rodo Sayagues,Stephen Lang,Brendan Sexton III,Madelyn Grace,"Thriller, Horror",don't breathe 2
Sian Heder,Emilia Jones,Eugenio Derbez,Troy Kotsur,"Drama, Music, Romance",coda
Nicholas Bruckman,Amanda Roddy (screenplay),,,Documentary,not going quietly
Lisa Joy,Hugh Jackman,Rebecca Ferguson,Thandiwe Newton,"Mystery, Science Fiction",reminiscence
Martin Campbell,Michael Keaton,Maggie Q,Samuel L. Jackson,"Action, Adventure, Thriller",the protégé
David Bruckner,Rebecca Hall,Sarah Goldberg,Evan Jonigkeit,"Drama, Horror, Mystery, Thriller",the night house
Dave Needham,Asher Bishop,David Tennant,Michelle Gomez,"Animation, Family, Comedy, Adventure, Fantasy",the loud house movie
Brian Andrew Mendoza,Jason Momoa,Isabela Merced,Manuel Garcia-Rulfo,"Action, Thriller, Drama",sweet girl
Sean Penn,Dylan Penn,Sean Penn,Katheryn Winnick,"Drama, Thriller, Crime",flag day
Dash Shaw,Lake Bell,Michael Cera,Angeliki Papoulia,"Animation, Fantasy",cryptozoo
Janell Shirtcliff,Josie Ho,Bella Thorne,Gavin Rossdale,Horror,habit
Neill Blomkamp,Carly Pope,Chris William Martin,Michael Rogers,"Thriller, Horror",demonic
Leos Carax,Adam Driver,Marion Cotillard,Simon Helberg,"Drama, Romance",annette
Eddie Arya,Caroline McQuade,Kenneth Trujillo,Wassim Hawat,"Action, Adventure, Drama, Fantasy",risen
Kwang Il Han,Theo James,Lara Pulver,Graham McTavish,"Animation, Action, Fantasy",the witcher: nightmare of the wolf
Angel Kristi Williams,Kofi Siriboe,Yootha Wong-Loi-Sing,Blair Underwood,"Romance, Drama",really love
Nia DaCosta,Yahya Abdul-Mateen II,Teyonah Parris,Nathan Stewart-Jarrett,"Drama, Horror, Thriller",candyman
Clay Tarver,John Cena,Lil Rel Howery,Yvonne Orji,Comedy,vacation friends
Mark Waters,Addison Rae,Tanner Buchanan,Madison Pettis,"Comedy, Romance",he's all that
Amber Sealey,Elijah Wood,Luke Kirby,Aleksa Palladino,"Crime, Drama, Thriller, History",no man of god
Vibeke Muasya,Siobhan Fallon Hogan (screenplay),Siobhan Fallon Hogan,Robert Patrick,"Mystery, Thriller, Horror, Drama, Crime",rushed
Stephen Herek,Victoria Justice,Midori Francis,Timothy Renouf,"Fantasy, Comedy, Drama",afterlife of the party
Destin Daniel Cretton,Simu Liu,Awkwafina,Meng'er Zhang,"Action, Adventure, Fantasy",shang-chi and the legend of the ten rings
Kay Cannon,Camila Cabello,Idina Menzel,Nicholas Galitzine,"Romance, Fantasy, Family, Drama",cinderella
Sara Colangelo,Michael Keaton,Stanley Tucci,Amy Ryan,Drama,worth
Michele Civetta,Shea Whigham,Olivia Munn,Frank Grillo,Science Fiction,the gateway
Lyle Mitchell Corbine Jr.,Michael Greyeyes,Chaske Spencer,Jesse Eisenberg,"Crime, Drama, Thriller",wild indian
Grady,Sierra McCormick,Vinessa Shaw,Pat Healy,"Horror, Mystery",we need to do something
Troyan,Mary Elizabeth Winstead,Miku Martineau,Woody Harrelson,"Action, Thriller",kate
Jonathan Butterell,Max Harwood,Sarah Lancashire,Lauren Patel,"Drama, Comedy",everybody's talking about jamie
James Wan,Annabelle Wallis,Maddie Hasson,George Young,"Horror, Mystery",malignant
Gita Pullapilly,Kristen Bell,Kirby Howell-Baptiste,Paul Walter Hauser,"Comedy, Crime",queenpins
Paul Schrader,Oscar Isaac,Tiffany Haddish,Tye Sheridan,"Drama, Thriller, Crime",the card counter
Christopher Ashley,Petrina Bromley,Jenn Colella,De'Lon Grant,"Comedy, Drama",come from away
Michael Mohan,Sydney Sweeney,Justice Smith,Ben Hardy,Thriller,the voyeurs
John Pollono,Jon Bernthal,Shea Whigham,Jordana Spiro,"Crime, Drama, Thriller",small engine repair
Natalie Morales,,,,"Drama, Comedy, Romance",language lessons
Rick Altizer,Sherman Smith,Tony Evans,Steven Kendrick,Documentary,show me the father
Michael Feifer,Jay Pickett,Peter Facinelli,Tom Skerritt,"Western, Action",catch the bullet
Jonah Feingold,Francesca Reale,Jaboukie Young-White,Catherine Cohen,,dating and new york
Desiree Connell,Zach Galligan,Derek Russo,Corey Taylor,Horror,bad candy
Kevin T. Morales,Bridget McGarry,Victoria Leigh,Okieriete Onaodowan,"Comedy, Drama",generation wrecks
Christian Carion,James McAvoy,Claire Foy,Gary Lewis,"Thriller, Crime, Drama",my son
David Yarovesky,Winslow Fegley,Lidya Jewett,Krysten Ritter,"Fantasy, Family, Horror",nightbooks
Theodore Melfi,Melissa McCarthy,Chris O'Dowd,Timothy Olyphant,Drama,the starling
Michael Showalter,Jessica Chastain,Andrew Garfield,Cherry Jones,"Drama, History",the eyes of tammy faye
Clint Eastwood,Clint Eastwood,Dwight Yoakam,Eduardo Minett,"Drama, Western",cry macho
Joe Carnahan,Gerard Butler,Frank Grillo,Alexis Louder,"Thriller, Crime, Action",copshop
Justin Chon,Justin Chon,Alicia Vikander,Mark O'Brien,Animation,blue bayou
Sion Sono,Nicolas Cage,Sofia Boutella,Bill Moseley,"Action, Fantasy, Horror, Thriller",prisoners of the ghostland
Lina Roessler,Michael Caine,Aubrey Plaza,Scott Speedman,"Comedy, Drama",best sellers
Christian Long,Melanie Lynskey,Judy Greer,Justin Long,"Comedy, Fantasy",lady of the manor
Bill Benz,Annie Clark,Carrie Brownstein,Dakota Johnson,"Music, Comedy, Thriller",the nowhere inn
Julie Cohen,Talleah Bridges McMahon,Julie Cohen,Betsy West,Documentary,my name is pauli murray
David Midell,Frankie Faison,Steve O'Connell,Enrico Natale,"Mystery, Thriller, Drama",the killing of kenneth chamberlain
Adam Salky,Freida Pinto,Logan Marshall-Green,Robert John Burke,"Drama, Mystery, Thriller",intrusion
Jose Ucha,Vanessa Hudgens,Kimiko Glenn,James Marsden,"Animation, Family, Fantasy, Comedy, Adventure",my little pony: a new generation
Stephen Chbosky,Ben Platt,Kaitlyn Dever,Amandla Stenberg,Drama,dear evan hansen
Antoine Fuqua,Jake Gyllenhaal,Ethan Hawke,Riley Keough,"Drama, Thriller",the guilty
Sarah Adina Smith,Kristine Froseth,Diana Silvers,Jacqueline Bisset,Drama,birds of paradise
Castille Landon,Josephine Langford,Hero Fiennes Tiffin,Louise Lombard,"Romance, Drama",after we fell
Andy Serkis,Tom Hardy,Michelle Williams,Naomie Harris,"Science Fiction, Action, Adventure",venom: let there be carnage
Alan Taylor,Alessandro Nivola,Michael Gandolfini,Leslie Odom Jr.,"Crime, Drama",the many saints of newark
Greg Tiernan,Oscar Isaac,Charlize Theron,Chloë Grace Moretz,"Animation, Family, Comedy, Fantasy, Adventure",the addams family 2
Gigi Saul Guerrero,L. Scott Caldwell,Adriana Barraza,Joshua Caleb Johnson,"Thriller, Horror",bingo hell
Maritte Lee Go,Ashja Cooper,Theodus Crane,Kenneisha Thompson,"Horror, Thriller",black as night
Potsy Ponciroli,Tim Blake Nelson,Scott Haze,Gavin Lewis,"Western, Action, Drama",old henry
Erwin brothers,Amy Grant,Michael W. Smith,TobyMac,"Documentary, Music",the jesus music
Karen Cinorre,Grace Van Patten,Mia Goth,Havana Rose Liu,"Horror, Thriller, Drama, Mystery",mayday
Vance Null,David A. R. White,Antonio Sabàto Jr.,Francesca Battistelli,Drama,god's not dead: we the people
Patrick Brice,Sydney Park,Theodore Pellerin,Asjha Cooper,"Horror, Mystery",there's someone inside your house
Cary Joji Fukunaga,Daniel Craig,Rami Malek,Léa Seydoux,"Action, Thriller, Adventure",no time to die
Fran Kranz,Reed Birney,Ann Dowd,Jason Isaacs,Drama,mass
Aharon Keshales,Jason Sudeikis,Evangeline Lilly,Shea Whigham,Drama,south of heaven
Axelle Carolyn,Barbara Hershey,Bruce Davison,Stacey Travis,Horror,the manor
Ryan Zaragoza,Elpidia Carrillo,Tenoch Huerta,,"Horror, Mystery",madres
Michael D. Ratner,Justin Bieber,Hailey Bieber,,"Music, Documentary",justin bieber: our world
James Cullen Bressack,Chad Michael Murray,Bruce Willis,,"Action, Thriller, Crime",survive the game
David Gordon Green,Jamie Lee Curtis,Judy Greer,Andi Matichak,"Horror, Thriller",halloween kills
Ridley Scott,Matt Damon,Adam Driver,Jodie Comer,"History, Drama, Action",the last duel
John Ridley,Leslie Odom Jr.,Freida Pinto,Cynthia Erivo,"Drama, Romance, Science Fiction",needle in a timestack
Justin Corsbie,Michael Dorman,Sophia Bush,Dermot Mulroney,"Romance, Music, Drama, Thriller",hard luck love song
Rachel Fleit,Selma Blair,,,Documentary,"introducing, selma blair"
Todd Haynes,The Velvet Underground,,,"Documentary, Music",the velvet underground
Adam Randall,Jorge Lendeborg Jr.,Debby Ryan,Lucy Fry,"Horror, Thriller, Action",night teeth
Denis Villeneuve,Timothee Chalamet,Rebecca Ferguson,Oscar Isaac,"Science Fiction, Adventure",dune
Philippe Vine,Zach Galifianakis,Jack Dylan Grazer,Ed Helms,"Animation, Science Fiction, Family, Comedy",ron's gone wrong
Wes Anderson,Owen Wilson,Benicio del Toro,Tony Revolori,"Drama, Comedy",the french dispatch
Jeymes Samuel,Jonathan Majors,Idris Elba,Zazie Beetz,Western,the harder they fall
Will Sharpe,Benedict Cumberbatch,Claire Foy,Andrea Riseborough,"Drama, History, Comedy, Romance",the electrical life of louis wain
Agata Alexander,Alex Pettyfer,Alice Eve,Annabelle Wallis,Science Fiction,warning
Rebecca Hall,Tessa Thompson,Ruth Negga,André Holland,Drama,passing
Suzanne Coote,Kate Siegel,Jason O'Mara,Dulé Hill,"Thriller, Drama, Horror",hypnotic
Scott Cooper,Keri Russell,Jesse Plemons,Jeremy T. Thomas,"Drama, Horror, Mystery",antlers
fer,Matthias Schweighöfer,Nathalie Emmanuel,Ruby O. Fee,"Action, Crime, Comedy",army of thieves
Amy Koppelman,Amanda Seyfried,Finn Wittrock,Jennifer Carpenter,Drama,a mouthful of air
Joanna Hogg,Honor Swinton Byrne,Jaygann Ayeh,Richard Ayoade,Drama,the souvenir part ii
William Eubank,Emily Bader,Roland Buck III,Dan Lippert,"Horror, Mystery",paranormal activity: next of kin
Morgan Galen King,Richard E. Grant,Lucy Lawless,Patton Oswalt,"Animation, Fantasy, Action, Horror",the spine of night
Justine Bateman,Olivia Munn,Luke Bracey,Justin Theroux,Drama,violet
Michael Mailer,Michael Shannon,Alexander Ludwig,Charles Melton,Drama,heart of champions
Zhao,Gemma Chan,Richard Madden,Kumail Nanjiani,"Science Fiction, Action, Adventure",eternals
Rawson Marshall Thurber,Dwayne Johnson,Ryan Reynolds,Gal Gadot,"Action, Comedy, Crime",red notice
Miguel Sapochnik,Tom Hanks,Caleb Landry Jones,,"Science Fiction, Drama, Adventure",finch
n,Kristen Stewart,Timothy Spall,Jack Farthing,"Drama, History",spencer
David Hackl,Mel Gibson,Scott Eastwood,Tyrese Gibson,"Romance, Crime, Action, Thriller",dangerous
nez,Nina Dobrev,Jimmy O. Yang,Darren Barnet,"Comedy, Romance",love hard
PJ McCabe,Jim Cummings,Virginia Newcomb,PJ McCabe,"Thriller, Horror, Comedy",the beta test
Walt Becker,Jack Whitehall,Darby Camp,Tony Hale,"Family, Adventure, Comedy, Fantasy, Animation",clifford the big red dog
Manuel Miranda,Andrew Garfield,Alexandra Shipp,Robin de Jesús,"Drama, Music","tick, tick... boom!"
Dan Mazer,Ellie Kemper,Rob Delaney,Archie Yates,"Family, Comedy, Crime",home sweet home alone
Edward John Drake,Neal McDonough,Bruce Willis,,"Action, Thriller, Science Fiction",apex
Jane Campion,Benedict Cumberbatch,Kirsten Dunst,Jesse Plemons,"Drama, Western",the power of the dog
Halle Berry,Halle Berry,Shamier Anderson,Adan Canto,Drama,bruised
Michael Rohl,Vanessa Hudgens,Sam Palladio,Nick Sagar,"Romance, Comedy",the princess switch 3: romancing the star
Jason Reitman,Carrie Coon,Finn Wolfhard,Mckenna Grace,"Fantasy, Comedy, Adventure, Science Fiction",ghostbusters: afterlife
Reinaldo Marcus Green,Will Smith,Aunjanue Ellis,Saniyya Sidney,"Drama, History",king richard
Raymond S. Persi,Adam DeVine,Rachel Bloom,Zazie Beetz,"Animation, Comedy, Family, Adventure",extinct
Mike Mills,Joaquin Phoenix,Gaby Hoffmann,Woody Norman,Drama,c'mon c'mon
Casey Tebo,Devon Sawa,Ivana Baquero,Ryan Lee,"Horror, Comedy, Science Fiction",black friday
Abel Ferrara,Ethan Hawke,Valerio Mastandrea,,"War, Thriller",zeros and ones
Brian Patrick Butler,Nick Young,Alexandra Slade,Michael C. Burgess,"Comedy, Science Fiction, Horror",friend of the world
Chasire Castro Smith,Stephanie Beatriz,María Cecilia Botero,John Leguizamo,"Animation, Comedy, Family, Fantasy",encanto
Ridley Scott,Lady Gaga,Adam Driver,Jared Leto,"Drama, Crime, History",house of gucci
Nora Fingscheidt,Sandra Bullock,Vincent D'Onofrio,Jon Bernthal,"Drama, Crime",the unforgivable
Johannes Roberts,Kaya Scodelario,Hannah John-Kamen,Robbie Amell,"Action, Horror, Science Fiction",resident evil: welcome to raccoon city
Michael Dowse,Neil Patrick Harris,Winslow Fegley,June Diane Raphael,"Family, Comedy, Fantasy",8-bit christmas
Stephen Karam,Richard Jenkins,Jayne Houdyshell,Amy Schumer,Drama,the humans
Trey Parker,Matt Stone,Mona Marshall,Kimberly Brooks,"Animation, Comedy, TV Movie",south park: post covid
Paul Thomas Anderson,Alana Haim,Cooper Hoffman,Sean Penn,"Drama, Comedy, Romance",licorice pizza
Michael Mayer,Michael Urie,Philemon Chambers,Luke Macfarlane,"Romance, Comedy",single all the way
Clare Knight,Isla Fisher,Tim Minchin,Eric Bana,"Family, Animation, Adventure, Comedy",back to the outback
Swinton O. Scott III,Brady Noon,Ethan William Childress,Chris Diamantopoulos,"Family, Comedy",diary of a wimpy kid
Michael Pierce,Riz Ahmed,Octavia Spencer,Janina Gavankar,Horror,encounter
Valerie Weiss,Gemma Brooke Allen,Jackson Rathbone,Nick Thune,"Comedy, Family",mixtape
Jared Cohn,Patrick Muldoon,Bruce Willis,Matthew Marsden,"Horror, Comedy",deadlock
Steven Spielberg,Ansel Elgort,Rachel Zegler,Ariana DeBose,"Drama, Romance, Crime",west side story
Adam McKay,Leonardo DiCaprio,Jennifer Lawrence,Rob Morgan,"Comedy, Science Fiction",don't look up
Ric Roman Waugh,Stephan James,J. K. Simmons,Alexander Ludwig,Drama,national champions
Aaron Sorkin,Nicole Kidman,Javier Bardem,J. K. Simmons,"Drama, History",being the ricardos
Sean Baker,Simon Rex,Bree Elrod,Suzanna Son,"Drama, Comedy",red rocket
Peter Hutchings,Lucy Hale,Austin Stowell,Damon Daunno,"Drama, Comedy, Romance",the hating game
Hamish Grieve,Will Arnett,Terry Crews,Geraldine Viswanathan,"Animation, Family",rumble
Trey Parker,Matt Stone,Mona Marshall,Kimberly Brooks,"Animation, Comedy, TV Movie",south park: post covid: the return of covid
Jon Watts,Tom Holland,Benedict Cumberbatch,Zendaya,"Action, Adventure, Science Fiction",spider-man: no way home
Guillermo del Toro,Bradley Cooper,Cate Blanchett,Toni Collette,"Crime, Drama, Thriller",nightmare alley
Maggie Gyllenhaal,Olivia Colman,Dakota Johnson,Jessie Buckley,Drama,the lost daughter
Benjamin Cleary,Mahershala Ali,Naomie Harris,Glenn Close,"Comedy, Drama",swan song
George Clooney,Ben Affleck,Tye Sheridan,Lily Rabe,Drama,the tender bar
Mattson Tomlin,Chloë Grace Moretz,Algee Smith,Raúl Castillo,"Science Fiction, Thriller",mother/android
James Cullen Bressack,Jesse Metcalfe,Bruce Willis,Chad Michael Murray,War,fortress
Garth Jennings,Matthew McConaughey,Reese Witherspoon,Scarlett Johansson,"Animation, Family, Music, Comedy",sing 2
Lana Wachowski,Keanu Reeves,Carrie-Anne Moss,Yahya Abdul-Mateen II,"Science Fiction, Action, Adventure",the matrix resurrections
Matthew Vaughn,Ralph Fiennes,Gemma Arterton,Rhys Ifans,"Action, Adventure, Thriller",the king's man
Joel Coen,Denzel Washington,Frances McDormand,Bertie Carvel,"Drama, War",the tragedy of macbeth
Denzel Washington,Michael B. Jordan,Chanté Adams,Jalon Christian,"Drama, Romance",a journal for jordan
Erwin brothers,Zachary Levi,Anna Paquin,Dennis Quaid,"Drama, Family",american underdog
Apichatpong Weerasethakul,Tilda Swinton,Elkin Díaz,Jeanne Balibar,"Animation, Romance",memoria
